Stock,Score
ONGC.NS,-0.05910847
ASIANPAINT.NS,-0.060635198
POWERGRID.NS,-0.061513472
KOTAKBANK.NS,-0.061518747
INFY.NS,-0.061640386
TCS.NS,-0.06187122
M&M.NS,-0.0626291
NTPC.NS,-0.06307511
SUNPHARMA.NS,-0.06310895
ITC.NS,-0.06343247
MARUTI.NS,-0.06345348
SBILIFE.NS,-0.063462645
RELIANCE.NS,-0.063477755
NESTLEIND.NS,-0.063534304
BHARTIARTL.NS,-0.06410712
ICICIBANK.NS,-0.06449756
HDFCBANK.NS,-0.06452823
SBIN.NS,-0.06547466
TITAN.NS,-0.06629221
LT.NS,-0.0664406
