Stock,Score
ONGC.NS,0.13638794
NTPC.NS,0.13385054
POWERGRID.NS,0.13347426
INFY.NS,0.13250989
SBIN.NS,0.13200405
TITAN.NS,0.1312772
M&M.NS,0.13039795
RELIANCE.NS,0.13012072
NESTLEIND.NS,0.13001567
MARUTI.NS,0.12988797
TCS.NS,0.12982091
BHARTIARTL.NS,0.12943068
SUNPHARMA.NS,0.12895536
ASIANPAINT.NS,0.12867785
SBILIFE.NS,0.1281577
KOTAKBANK.NS,0.12799364
LT.NS,0.12676436
ITC.NS,0.12623507
HDFCBANK.NS,0.12556341
ICICIBANK.NS,0.12477452
